hero	7882376	Barbara Olsen	A woman prepares her horse in an indoor stable, showcasing equestrian 	https://images.pexels.com/photos/7882376/pexels-photo-7882376.jpeg?auto=compress&cs=tinysrgb&dpr=2&h=650&w=940	https://www.pexels.com/photo/a-woman-in-white-long-sleeve-shirt-7882376/
hero	8625113	RDNE Stock project	An adult woman adjusts tack at a horse stable on a sunny day.	https://images.pexels.com/photos/8625113/pexels-photo-8625113.jpeg?auto=compress&cs=tinysrgb&dpr=2&h=650&w=940	https://www.pexels.com/photo/a-woman-holding-a-clinch-tie-8625113/
hero	8624649	RDNE Stock project	A woman tends to two white horses in an outdoor ranch stable on a sunn	https://images.pexels.com/photos/8624649/pexels-photo-8624649.jpeg?auto=compress&cs=tinysrgb&dpr=2&h=650&w=940	https://www.pexels.com/photo/woman-taking-care-of-the-horses-on-the-stable-8624649/
barn-manager	7883324	Barbara Olsen	A woman leads two horses into a barn, capturing rural farm life.	https://images.pexels.com/photos/7883324/pexels-photo-7883324.jpeg?auto=compress&cs=tinysrgb&dpr=2&h=650&w=940	https://www.pexels.com/photo/woman-in-blue-jacket-leading-horses-into-the-barn-7883324/
barn-manager	7882366	Barbara Olsen	Woman guiding horse through a stable corridor in an equestrian facilit	https://images.pexels.com/photos/7882366/pexels-photo-7882366.jpeg?auto=compress&cs=tinysrgb&dpr=2&h=650&w=940	https://www.pexels.com/photo/a-woman-in-white-long-sleeve-shirt-7882366/
barn-manager	8625067	RDNE Stock project	A young woman guides a black horse across a sandy enclosure on a sunny	https://images.pexels.com/photos/8625067/pexels-photo-8625067.jpeg?auto=compress&cs=tinysrgb&dpr=2&h=650&w=940	https://www.pexels.com/photo/a-woman-walking-together-with-the-horse-8625067/
trainer	34301896	Calvin Seng	A young girl receives horse riding lessons indoors under guidance.	https://images.pexels.com/photos/34301896/pexels-photo-34301896.jpeg?auto=compress&cs=tinysrgb&dpr=2&h=650&w=940	https://www.pexels.com/photo/indoor-equestrian-training-session-with-rider-34301896/
trainer	34301889	Calvin Seng	An indoor horse riding lesson with a child and two adults guiding the 	https://images.pexels.com/photos/34301889/pexels-photo-34301889.jpeg?auto=compress&cs=tinysrgb&dpr=2&h=650&w=940	https://www.pexels.com/photo/horse-riding-lesson-in-indoor-equestrian-center-34301889/
trainer	7671305	Anastasia  Shuraeva	Child learning horseback riding in an indoor equestrian arena with gui	https://images.pexels.com/photos/7671305/pexels-photo-7671305.jpeg?auto=compress&cs=tinysrgb&dpr=2&h=650&w=940	https://www.pexels.com/photo/two-people-guiding-a-child-riding-on-a-horse-7671305/
groom	7882325	Barbara Olsen	A person grooms a brown horse in a stable using a brush, showcasing ca	https://images.pexels.com/photos/7882325/pexels-photo-7882325.jpeg?auto=compress&cs=tinysrgb&dpr=2&h=650&w=940	https://www.pexels.com/photo/close-up-shot-of-a-person-brushing-a-horse-7882325/
groom	7882347	Barbara Olsen	A smiling woman grooms a horse outdoors, showcasing equestrian care an	https://images.pexels.com/photos/7882347/pexels-photo-7882347.jpeg?auto=compress&cs=tinysrgb&dpr=2&h=650&w=940	https://www.pexels.com/photo/a-woman-scrubbing-the-horse-7882347/
groom	7882337	Barbara Olsen	A woman in a blue sweater is grooming a brown horse with a brush in an	https://images.pexels.com/photos/7882337/pexels-photo-7882337.jpeg?auto=compress&cs=tinysrgb&dpr=2&h=650&w=940	https://www.pexels.com/photo/a-woman-in-blue-sweater-brushing-a-horse-hair-7882337/
estate	15805986	Robert So	Serene scene of horses grazing on a lush hillside with suburban homes 	https://images.pexels.com/photos/15805986/pexels-photo-15805986.jpeg?auto=compress&cs=tinysrgb&dpr=2&h=650&w=940	https://www.pexels.com/photo/horses-grazing-on-a-hill-with-villas-in-the-background-15805986/
estate	36179015	Efrem  Efre	Idyllic snowy landscape featuring a red Swedish farmhouse and a grazin	https://images.pexels.com/photos/36179015/pexels-photo-36179015.jpeg?auto=compress&cs=tinysrgb&dpr=2&h=650&w=940	https://www.pexels.com/photo/scenic-swedish-countryside-in-winter-snow-36179015/
estate	13712779	Joel Zar	A chestnut horse looks out from a stable window on a serene farm.	https://images.pexels.com/photos/13712779/pexels-photo-13712779.jpeg?auto=compress&cs=tinysrgb&dpr=2&h=650&w=940	https://www.pexels.com/photo/brown-horse-sticking-its-head-out-the-stable-window-13712779/
tack	25461417	Wallace Silva	Various horse tack and equipment hanging neatly in a stable.	https://images.pexels.com/photos/25461417/pexels-photo-25461417.jpeg?auto=compress&cs=tinysrgb&dpr=2&h=650&w=940	https://www.pexels.com/photo/bridles-on-a-wall-25461417/
tack	6074154	Eva Bronzini	A cozy stable with equestrian equipment, including saddles and pails, 	https://images.pexels.com/photos/6074154/pexels-photo-6074154.jpeg?auto=compress&cs=tinysrgb&dpr=2&h=650&w=940	https://www.pexels.com/photo/hanging-saddle-on-the-wall-6074154/
tack	8625115	RDNE Stock project	Closeup of various horse tack hanging in a stable, showing ropes and s	https://images.pexels.com/photos/8625115/pexels-photo-8625115.jpeg?auto=compress&cs=tinysrgb&dpr=2&h=650&w=940	https://www.pexels.com/photo/clinches-and-tie-straps-hanging-on-a-wooden-wall-8625115/
aisle	37739401	Clinton Weaver	A serene barn aisle featuring brick flooring and exposed wooden beams,	https://images.pexels.com/photos/37739401/pexels-photo-37739401.jpeg?auto=compress&cs=tinysrgb&dpr=2&h=650&w=940	https://www.pexels.com/photo/rustic-barn-aisle-with-brick-flooring-and-wood-beams-37739401/
aisle	7882366	Barbara Olsen	Woman guiding horse through a stable corridor in an equestrian facilit	https://images.pexels.com/photos/7882366/pexels-photo-7882366.jpeg?auto=compress&cs=tinysrgb&dpr=2&h=650&w=940	https://www.pexels.com/photo/a-woman-in-white-long-sleeve-shirt-7882366/
aisle	33565057	tainah ferreira	A woman leads a horse through a stable hallway, creating a striking si	https://images.pexels.com/photos/33565057/pexels-photo-33565057.jpeg?auto=compress&cs=tinysrgb&dpr=2&h=650&w=940	https://www.pexels.com/photo/silhouette-of-horse-and-rider-in-stable-33565057/
farrier	3951292	Jean W Photos	Close-up of a blacksmith shoeing a horse, showcasing the craftsmanship	https://images.pexels.com/photos/3951292/pexels-photo-3951292.jpeg?auto=compress&cs=tinysrgb&dpr=2&h=650&w=940	https://www.pexels.com/photo/person-putting-a-hoof-on-a-horse-3951292/
farrier	677830	Edward Eyer	A farrier shoeing a horse in an indoor stable with flying sparks from 	https://images.pexels.com/photos/677830/pexels-photo-677830.jpeg?auto=compress&cs=tinysrgb&dpr=2&h=650&w=940	https://www.pexels.com/photo/man-holding-lighting-tool-near-brown-horse-677830/
farrier	4400549	Lucian Pirvu	A dedicated farrier crafting and fitting horseshoes on a horse in rura	https://images.pexels.com/photos/4400549/pexels-photo-4400549.jpeg?auto=compress&cs=tinysrgb&dpr=2&h=650&w=940	https://www.pexels.com/photo/a-man-making-a-horseshoe-4400549/
vet	6235230	Tima Miroshnichenko	Vet examining a dog with medical equipment during a routine checkup at	https://images.pexels.com/photos/6235230/pexels-photo-6235230.jpeg?auto=compress&cs=tinysrgb&dpr=2&h=650&w=940	https://www.pexels.com/photo/a-vet-checking-a-dog-eyes-with-a-medical-diagnostic-tool-6235230/
vet	6235233	Tima Miroshnichenko	A veterinarian checks a German Shepherd's health using a stethoscope o	https://images.pexels.com/photos/6235233/pexels-photo-6235233.jpeg?auto=compress&cs=tinysrgb&dpr=2&h=650&w=940	https://www.pexels.com/photo/a-veterinarian-checking-a-sick-dog-using-a-stethoscope-6235233/
vet	12887955	Fernando Lacerda Branco	Cowboys in Itariri, Brazil, examining horse's teeth for health check o	https://images.pexels.com/photos/12887955/pexels-photo-12887955.jpeg?auto=compress&cs=tinysrgb&dpr=2&h=650&w=940	https://www.pexels.com/photo/man-hands-showing-horse-teeth-12887955/
founder	31095037	pedro furtado	Confident woman in a fruit orchard holding an empty box on a sunny day	https://images.pexels.com/photos/31095037/pexels-photo-31095037.jpeg?auto=compress&cs=tinysrgb&dpr=2&h=650&w=940	https://www.pexels.com/photo/smiling-woman-farmer-with-empty-fruit-box-31095037/
founder	5231224	Anna Shvets	Perspective view full body of female farmer in hat squatting near gree	https://images.pexels.com/photos/5231224/pexels-photo-5231224.jpeg?auto=compress&cs=tinysrgb&dpr=2&h=650&w=940	https://www.pexels.com/photo/busy-woman-working-with-plants-5231224/
founder	31111078	Mark Stebnicki	Woman tending tomato plants in a lush greenhouse environment, showcasi	https://images.pexels.com/photos/31111078/pexels-photo-31111078.jpeg?auto=compress&cs=tinysrgb&dpr=2&h=650&w=940	https://www.pexels.com/photo/woman-working-in-greenhouse-with-tomato-plants-31111078/
team	3149048	TheOther Kev	Silhouetted figures with horses in barn at sunrise, capturing rural li	https://images.pexels.com/photos/3149048/pexels-photo-3149048.jpeg?auto=compress&cs=tinysrgb&dpr=2&h=650&w=940	https://www.pexels.com/photo/silhouette-of-women-feeding-horses-3149048/
team	18534526	Erika  Reyes	Cowboys on horseback at a ranch in San Bartolomé Xicomulco, Mexico, sh	https://images.pexels.com/photos/18534526/pexels-photo-18534526.jpeg?auto=compress&cs=tinysrgb&dpr=2&h=650&w=940	https://www.pexels.com/photo/el-ultimo-galope-18534526/
team	14024329	Ali  Alcántara	A woman in a cowboy hat happily stands by a horse in a rustic stable.	https://images.pexels.com/photos/14024329/pexels-photo-14024329.jpeg?auto=compress&cs=tinysrgb&dpr=2&h=650&w=940	https://www.pexels.com/photo/laughing-woman-standing-by-a-horse-14024329/
proof	2042161	Brandon Randolph	Beautiful sunrise illuminating a peaceful Kentucky farm with lush gree	https://images.pexels.com/photos/2042161/pexels-photo-2042161.jpeg?auto=compress&cs=tinysrgb&dpr=2&h=650&w=940	https://www.pexels.com/photo/white-house-beside-grass-field-2042161/
proof	37110159	Rino Adamo	A tranquil scene of horses grazing in a misty pasture at dawn, surroun	https://images.pexels.com/photos/37110159/pexels-photo-37110159.jpeg?auto=compress&cs=tinysrgb&dpr=2&h=650&w=940	https://www.pexels.com/photo/serene-misty-pasture-with-grazing-horses-at-dawn-37110159/
proof	7883825	Garrison Gao	A serene early morning scene of horses in a frosty field at a horse fa	https://images.pexels.com/photos/7883825/pexels-photo-7883825.jpeg?auto=compress&cs=tinysrgb&dpr=2&h=650&w=940	https://www.pexels.com/photo/horses-on-a-grass-field-during-sunrise-7883825/
