hero	7882376	Barbara Olsen	Woman preparing her horse in an indoor stable
barn-manager	7883324	Barbara Olsen	A woman leads two horses into a barn
trainer	34301889	Calvin Seng	An indoor riding lesson, instructor and rider
groom	7882347	Barbara Olsen	A smiling woman grooming a horse outdoors
estate	15805986	Robert So	Horses grazing on a hillside property
tack	25461417	Wallace Silva	Horse tack and equipment hanging in a tack room
aisle	37739401	Clinton Weaver	Barn aisle with brick flooring
farrier	677830	Edward Eyer	A farrier shoeing a horse in an indoor stable
vet	39450728	Bara Cross	Horse legs in protective gear, close detail
founder	7883352	Barbara Olsen	A smiling woman in riding gear leading a saddled horse
team	3149048	TheOther Kev	Silhouetted figures with horses in a barn at sunset
proof	2042161	Brandon Randolph	Sunrise over a Kentucky horse farm
